{
    "index": "Site/index.ejs",
    "notfound": "404.ejs",
    "redirect": {
        "callback": "/dashboard",
        "logout": "/",
        "createserver": "/servers/deploying",
        "deleteserver": "/dashboard?state=deletionComplete",
        "updateservers": "/dashboard",
        "failedcreateserver": "/servers/new",
        "failedmodifyserver": "/servers/edit",
        "setplan": "/admin",
        "failedsetplan": "/admin",
        "createserverdisabled": "/servers/new?err=disabled",
        "modifyserverdisabled": "/servers/modify?err=disabled",
        "deleteserverdisabled": "/delete?err=disabled",
        "regenpassword": "/settings",
        "setresources": "/admin",
        "failedsetresources": "/admin",
        "giftresources": "/gift",
        "failedgiftresources": "/gift",
        "renewserver": "/dashboard",	
        "setcoins": "/admin",	
        "failedsetcoins": "/admin",	
        "purchaseram": "/store",	
        "failedpurchaseram": "/store",	
        "purchasedisk": "/store",	
        "failedpurchasedisk": "/store",	
        "purchasecpu": "/store",	
        "failedpurchasecpu": "/store",	
        "purchaseservers": "/store",	
        "failedpurchaseservers": "/store",
        "arcioerror": "/credits",
        "missingorinvalidcouponcode": "/redeem",
        "successfullyredeemedcoupon": "/redeem",
        "couponcreationfailed": "/admin",
        "couponcreationsuccess": "/admin",
        "couponrevokefailed": "/admin",
        "couponrevokesuccess": "/admin",
        "removeaccountfailed": "/admin",
        "removeaccountsuccess": "/admin"
    },
    "pages": {
        "auth": "auth.ejs",
        "dashboard": "dashboard.ejs",
        "support": "support.ejs",
        "account": "account.ejs",
        "credits": "credits.ejs",
        "servers/new": "create.ejs",
        "servers/edit": "edit.ejs",
        "admin": "admin.ejs",
        "admin/plans": "admin-plans.ejs",
        "admin/resources": "admin-resources.ejs",
        "admin/coupons": "admin-coupons.ejs",
        "admin/coins": "admin-coins.ejs",
        "redeem": "redeem.ejs",
        "settings": "settings.ejs",
        "gift-coins": "gift-coins.ejs",
        "gift-resources": "gift-resources.ejs",
        "credentials": "credentials.ejs",
        "buy": "buy.ejs",
        "afk": "credits.ejs",
        "store": "store.ejs",
        "servers": "dashboard.ejs",
        "servers/deploying": "Intermediate/deployment.ejs"
    },
    "mustbeloggedin": [
        "/dashboard",
        "/account",
        "/credits",
        "/servers/new",
        "/support",
        "/servers/edit",
        "/settings",
        "/credentials",
        "/afk",
        "/store",
        "/coins"
    ],
    "mustbeadmin": [
        "/admin",
        "/admin/plans",
        "/admin/resources",
        "/admin/coupons",
        "/admin/coins"
    ],
    "variables": {
        "faviconlink": "https://cdn.discordapp.com/attachments/1063585626022223892/1065305275826966609/Screenshot_2023-01-18_162220.jpg",
        "home": {
            "note": "Name & Icon have been moved to settings.json in Heliactyl 12.5.0",
            "admin": "admin",
            "buttontext": {
                "loggedin": {
                    "link": "/dashboard"
                },
                "loggedout": {
                    "link": "/login"
                }
            }
        }
    }
}